consumer,resource,reference
"Birds, clapper rail","Crabs, blue",De Graaf et al. 1985
"Birds, clapper rail","Crabs, blue",Eddleman and Conway 1998
"Birds, clapper rail","Crabs, fiddler",De Graaf et al. 1985
"Birds, clapper rail","Crabs, fiddler",Eddleman and Conway 1998
"Birds, clapper rail","Crabs, fiddler",Heard 1982
"Birds, clapper rail","Crabs, hermit",De Graaf et al. 1985
"Birds, clapper rail","Crabs, hermit",Eddleman and Conway 1998
"Birds, clapper rail","Crabs, marsh",De Graaf et al. 1985
"Birds, clapper rail","Crabs, marsh",Eddleman and Conway 1998
"Birds, clapper rail","Fish, marsh, carnivorous",Heard 1982
"Birds, clapper rail","Fish, marsh, detritivorous",Heard 1982
"Birds, clapper rail","Fish, marsh, herbivorous",Heard 1982
"Birds, clapper rail","Fish, marsh, omnivorous",Heard 1982
"Birds, clapper rail","Fish, marsh, zooplanktivorous",Heard 1982
"Birds, clapper rail","Plants, Distichlis spicata",Heard 1982
"Birds, clapper rail","Plants, Juncus roemerianus",Heard 1982
"Birds, clapper rail","Plants, other marsh plants",Heard 1982
"Birds, clapper rail","Plants, Spartina alterniflora",Heard 1982
"Birds, clapper rail","Plants, Spartina patens",Heard 1982
"Birds, clapper rail","Snails, detritivorous",Eddleman and Conway 1998
"Birds, clapper rail","Snails, detritivorous",Heard 1982
"Birds, clapper rail","Snails, omnivorous",Eddleman and Conway 1998
"Birds, clapper rail","Snails, omnivorous",Heard 1982
"Birds, gulls & terns","Birds, gulls & terns",Montevecchi 1977
"Birds, gulls & terns","Bivalve, suspension-feeding",Knoff et al. 2002
"Birds, gulls & terns","Crabs, blue",Knoff et al. 2002
"Birds, gulls & terns","Crabs, fiddler",Knoff et al. 2002
"Birds, gulls & terns","Crabs, hermit",Knoff et al. 2002
"Birds, gulls & terns","Crabs, marsh",Knoff et al. 2002
"Birds, gulls & terns","Fish, carnivorous",McGinnis and Emslie 2001
"Birds, gulls & terns","Fish, marsh, detritivorous",McGinnis and Emslie 2001
"Birds, gulls & terns","Fish, marsh, zooplanktivorous",Aygen and Emslie 2006
"Birds, gulls & terns","Fish, pelagic, omnivorous",Knoff et al. 2002
"Birds, gulls & terns","Fish, zooplanktivorous",Aygen and Emslie 2006
"Birds, gulls & terns","Fish, zooplanktivorous",McGinnis and Emslie 2001
"Birds, gulls & terns","Insects, carnivorous",Knoff et al. 2002
"Birds, gulls & terns","Insects, detritivorous",Knoff et al. 2002
"Birds, gulls & terns","Insects, herbivorous",Knoff et al. 2002
"Birds, gulls & terns","Insects, omnivorous",Knoff et al. 2002
"Birds, gulls & terns","Insects, parasitoid wasps",Knoff et al. 2002
"Birds, gulls & terns","Isopods, amphipods & taenids",Knoff et al. 2002
"Birds, gulls & terns","Mammals, rat",Knoff et al. 2002
"Birds, gulls & terns",Polychaetes,Knoff et al. 2002
"Birds, gulls & terns","Shrimp, grass",Knoff et al. 2002
"Birds, gulls & terns","Shrimp, penaeid",Knoff et al. 2002
"Birds, gulls & terns","Snails, detritivorous",Knoff et al. 2002
"Birds, gulls & terns","Snails, omnivorous",Knoff et al. 2002
"Birds, other marsh birds","Birds, gulls & terns",Montevecchi 1977
"Birds, other marsh birds","Birds, other marsh birds",Montevecchi 1977
"Birds, other marsh birds","Birds, other marsh birds",Post 1981
"Birds, other marsh birds","Birds, sparrow",Post 1981
"Birds, other marsh birds","Insects, carnivorous",De Graaf et al. 1985
"Birds, other marsh birds","Insects, carnivorous",Sparks and Cerbrian 2015
"Birds, other marsh birds","Insects, detritivorous",De Graaf et al. 1985
"Birds, other marsh birds","Insects, detritivorous",Sparks and Cerbrian 2015
"Birds, other marsh birds","Insects, herbivorous",De Graaf et al. 1985
"Birds, other marsh birds","Insects, herbivorous",Sparks and Cerbrian 2015
"Birds, other marsh birds","Insects, omnivorous",De Graaf et al. 1985
"Birds, other marsh birds","Insects, omnivorous",Sparks and Cerbrian 2015
"Birds, other marsh birds","Insects, parasitoid wasps",De Graaf et al. 1985
"Birds, other marsh birds","Insects, parasitoid wasps",Sparks and Cerbrian 2015
"Birds, other marsh birds","Plants, Distichlis spicata",De Graaf et al. 1985
"Birds, other marsh birds","Plants, Juncus roemerianus",De Graaf et al. 1985
"Birds, other marsh birds","Plants, other marsh plants",De Graaf et al. 1985
"Birds, other marsh birds","Plants, Spartina alterniflora",De Graaf et al. 1985
"Birds, other marsh birds","Plants, Spartina patens",De Graaf et al. 1985
"Birds, other marsh birds",Reptiles,Butler et al. 2004
"Birds, other marsh birds",Spiders,De Graaf et al. 1985
"Birds, other marsh birds",Spiders,Sparks and Cerbrian 2015
"Birds, sparrow","Crabs, fiddler",Martin et al.1961
"Birds, sparrow","Crabs, hermit",Martin et al.1961
"Birds, sparrow","Crabs, marsh",Martin et al.1961
"Birds, sparrow","Insects, carnivorous",Greenlaw and Rising 1994
"Birds, sparrow","Insects, carnivorous",Lockwood et al. 1997
"Birds, sparrow","Insects, carnivorous",Martin et al.1961
"Birds, sparrow","Insects, carnivorous",Post and Greenlaw 2006
"Birds, sparrow","Insects, carnivorous",Sparks and Cerbrian 2015
"Birds, sparrow","Insects, detritivorous",Greenlaw and Rising 1994
"Birds, sparrow","Insects, detritivorous",Lockwood et al. 1997
"Birds, sparrow","Insects, detritivorous",Martin et al.1961
"Birds, sparrow","Insects, detritivorous",Post and Greenlaw 2006
"Birds, sparrow","Insects, detritivorous",Sparks and Cerbrian 2015
"Birds, sparrow","Insects, herbivorous",Greenlaw and Rising 1994
"Birds, sparrow","Insects, herbivorous",Lockwood et al. 1997
"Birds, sparrow","Insects, herbivorous",Martin et al.1961
"Birds, sparrow","Insects, herbivorous",Post and Greenlaw 2006
"Birds, sparrow","Insects, herbivorous",Sparks and Cerbrian 2015
"Birds, sparrow","Insects, omnivorous",Greenlaw and Rising 1994
"Birds, sparrow","Insects, omnivorous",Lockwood et al. 1997
"Birds, sparrow","Insects, omnivorous",Martin et al.1961
"Birds, sparrow","Insects, omnivorous",Post and Greenlaw 2006
"Birds, sparrow","Insects, omnivorous",Sparks and Cerbrian 2015
"Birds, sparrow","Insects, parasitoid wasps",Greenlaw and Rising 1994
"Birds, sparrow","Insects, parasitoid wasps",Lockwood et al. 1997
"Birds, sparrow","Insects, parasitoid wasps",Martin et al.1961
"Birds, sparrow","Insects, parasitoid wasps",Post and Greenlaw 2006
"Birds, sparrow","Insects, parasitoid wasps",Sparks and Cerbrian 2015
"Birds, sparrow","Isopods, amphipods & taenids",Greenlaw and Rising 1994
"Birds, sparrow","Isopods, amphipods & taenids",Martin et al.1961
"Birds, sparrow","Isopods, amphipods & taenids",Post and Greenlaw 2006
"Birds, sparrow","Plants, Distichlis spicata",Greenlaw and Rising 1994
"Birds, sparrow","Plants, Juncus roemerianus",Greenlaw and Rising 1994
"Birds, sparrow","Plants, other marsh plants",Greenlaw and Rising 1994
"Birds, sparrow","Plants, Spartina alterniflora",Greenlaw and Rising 1994
"Birds, sparrow","Plants, Spartina patens",Greenlaw and Rising 1994
"Birds, sparrow","Snails, detritivorous",Martin et al.1961
"Birds, sparrow","Snails, omnivorous",Martin et al.1961
"Birds, sparrow",Spiders,Greenlaw and Rising 1994
"Birds, sparrow",Spiders,Lockwood et al. 1997
"Birds, sparrow",Spiders,Martin et al.1961
"Birds, sparrow",Spiders,Post and Greenlaw 2006
"Birds, sparrow",Spiders,Sparks and Cerbrian 2015
"Birds, wading","Bivalve, suspension-feeding",Rieger 1982
"Birds, wading","Crabs, blue",Rieger 1982
"Birds, wading","Crabs, fiddler",Brazner and Hoffman 1991
"Birds, wading","Crabs, fiddler",Rieger 1982
"Birds, wading","Crabs, hermit",De Graaf et al. 1985
"Birds, wading","Crabs, marsh",Rieger 1982
"Birds, wading","Fish, marsh, carnivorous",Boyle et al. 2012
"Birds, wading","Fish, marsh, carnivorous",Brazner and Hoffman 1991
"Birds, wading","Fish, marsh, carnivorous",De Graaf et al. 1985
"Birds, wading","Fish, marsh, carnivorous",Kneib 1986
"Birds, wading","Fish, marsh, carnivorous",Riegner 1982
"Birds, wading","Fish, marsh, detritivorous",Boyle et al. 2012
"Birds, wading","Fish, marsh, detritivorous",Brazner and Hoffman 1991
"Birds, wading","Fish, marsh, detritivorous",De Graaf et al. 1985
"Birds, wading","Fish, marsh, detritivorous",Kneib 1986
"Birds, wading","Fish, marsh, detritivorous",Riegner 1982
"Birds, wading","Fish, marsh, herbivorous",Boyle et al. 2012
"Birds, wading","Fish, marsh, herbivorous",Brazner and Hoffman 1991
"Birds, wading","Fish, marsh, herbivorous",De Graaf et al. 1985
"Birds, wading","Fish, marsh, herbivorous",Kneib 1986
"Birds, wading","Fish, marsh, herbivorous",Riegner 1982
"Birds, wading","Fish, marsh, omnivorous",Boyle et al. 2012
"Birds, wading","Fish, marsh, omnivorous",Brazner and Hoffman 1991
"Birds, wading","Fish, marsh, omnivorous",De Graaf et al. 1985
"Birds, wading","Fish, marsh, omnivorous",Kneib 1986
"Birds, wading","Fish, marsh, omnivorous",Riegner 1982
"Birds, wading","Fish, marsh, zooplanktivorous",Boyle et al. 2012
"Birds, wading","Fish, marsh, zooplanktivorous",Brazner and Hoffman 1991
"Birds, wading","Fish, marsh, zooplanktivorous",De Graaf et al. 1985
"Birds, wading","Fish, marsh, zooplanktivorous",Kneib 1986
"Birds, wading","Fish, marsh, zooplanktivorous",Riegner 1982
"Birds, wading","Insects, aquatic",Boyle et al. 2012
"Birds, wading","Insects, carnivorous",Boyle et al. 2012
"Birds, wading","Insects, detritivorous",Boyle et al. 2012
"Birds, wading","Insects, herbivorous",Boyle et al. 2012
"Birds, wading","Insects, omnivorous",Boyle et al. 2012
"Birds, wading","Insects, parasitoid wasps",Boyle et al. 2012
"Birds, wading","Isopods, amphipods & taenids",Rieger 1982
"Birds, wading","Mammals, rat",Rieger 1982
"Birds, wading",Polychaetes,Rieger 1982
"Birds, wading",Reptiles,Rieger 1982
"Birds, wading","Shrimp, grass",Boyle et al. 2012
"Birds, wading","Shrimp, penaeid",Boyle et al. 2012
"Birds, wading","Snails, detritivorous",Brazner and Hoffman 1991
"Birds, wading","Snails, detritivorous",Zein-Eldin and Renaud 1986
"Birds, wading","Snails, omnivorous",Brazner and Hoffman 1991
"Birds, wading",Spiders,Boyle et al. 2012
"Bivalve, suspension-feeding",Detritus,Crosby et al. 1989
"Bivalve, suspension-feeding",Detritus,Darnell 1958
"Bivalve, suspension-feeding",Detritus,Peterson et al. 1985
"Bivalve, suspension-feeding",Phytoplankton,Darnell 1958
"Bivalve, suspension-feeding",Phytoplankton,Davis 1958
"Bivalve, suspension-feeding",Phytoplankton,Espinosa et al. 2008
"Bivalve, suspension-feeding",Phytoplankton,Peterson et al. 1985
"Crabs, blue","Bivalve, suspension-feeding",Alexander 1986
"Crabs, blue","Bivalve, suspension-feeding",Darnell 1958
"Crabs, blue","Bivalve, suspension-feeding",Dittel et al. 2006
"Crabs, blue","Bivalve, suspension-feeding",Jaworski 1972
"Crabs, blue","Bivalve, suspension-feeding",Laughlin 1982
"Crabs, blue","Bivalve, suspension-feeding",Milikin and Williams 1984
"Crabs, blue","Bivalve, suspension-feeding",Tagatz 1968
"Crabs, blue","Bivalve, suspension-feeding",Wilson and Weissburg 2013
"Crabs, blue","Crabs, blue",Costlow and Sastry 1966
"Crabs, blue","Crabs, fiddler",Darnell 1958
"Crabs, blue","Crabs, fiddler",Dittel et al. 2006
"Crabs, blue","Crabs, fiddler",Fitz and Weigert 1991
"Crabs, blue","Crabs, hermit",Alexander 1986
"Crabs, blue","Crabs, hermit",Darnell 1958
"Crabs, blue","Crabs, hermit",Dittel et al. 2006
"Crabs, blue","Crabs, marsh",Darnell 1958
"Crabs, blue","Crabs, marsh",Dittel et al. 2006
"Crabs, blue","Crabs, marsh",Fitz and Weigert 1991
"Crabs, blue",Detritus,Darnell 1958
"Crabs, blue",Detritus,Dittel et al. 2006
"Crabs, blue",Detritus,Laughlin 1982
"Crabs, blue","Fish, marsh, carnivorous",Alexander 1986
"Crabs, blue","Fish, marsh, carnivorous",Darnell 1958
"Crabs, blue","Fish, marsh, carnivorous",Fitz and Weigert 1991
"Crabs, blue","Fish, marsh, carnivorous",Jaworski 1972
"Crabs, blue","Fish, marsh, carnivorous",Tagatz 1968
"Crabs, blue","Fish, marsh, detritivorous",Alexander 1986
"Crabs, blue","Fish, marsh, detritivorous",Darnell 1958
"Crabs, blue","Fish, marsh, detritivorous",Fitz and Weigert 1991
"Crabs, blue","Fish, marsh, detritivorous",Jaworski 1972
"Crabs, blue","Fish, marsh, detritivorous",Tagatz 1968
"Crabs, blue","Fish, marsh, herbivorous",Alexander 1986
"Crabs, blue","Fish, marsh, herbivorous",Darnell 1958
"Crabs, blue","Fish, marsh, herbivorous",Fitz and Weigert 1991
"Crabs, blue","Fish, marsh, herbivorous",Jaworski 1972
"Crabs, blue","Fish, marsh, herbivorous",Tagatz 1968
"Crabs, blue","Fish, marsh, omnivorous",Alexander 1986
"Crabs, blue","Fish, marsh, omnivorous",Darnell 1958
"Crabs, blue","Fish, marsh, omnivorous",Fitz and Weigert 1991
"Crabs, blue","Fish, marsh, omnivorous",Jaworski 1972
"Crabs, blue","Fish, marsh, omnivorous",Tagatz 1968
"Crabs, blue","Fish, marsh, zooplanktivorous",Alexander 1986
"Crabs, blue","Fish, marsh, zooplanktivorous",Darnell 1958
"Crabs, blue","Fish, marsh, zooplanktivorous",Fitz and Weigert 1991
"Crabs, blue","Fish, marsh, zooplanktivorous",Jaworski 1972
"Crabs, blue","Fish, marsh, zooplanktivorous",Tagatz 1968
"Crabs, blue","Isopods, amphipods & taenids",Alexander 1986
"Crabs, blue",Macroalgae,Alexander 1986
"Crabs, blue",Polychaetes,Dittel et al. 2006
"Crabs, blue",SAV,Alexander 1986
"Crabs, blue",SAV,Darnell 1958
"Crabs, blue",SAV,Dittel et al. 2006
"Crabs, blue",SAV,Laughlin 1982
"Crabs, blue","Shrimp, grass",Alexander 1986
"Crabs, blue","Shrimp, grass",Darnell 1958
"Crabs, blue","Shrimp, grass",Dittel et al. 2006
"Crabs, blue","Shrimp, grass",Fitz and Weigert 1991
"Crabs, blue","Shrimp, penaeid",Alexander 1986
"Crabs, blue","Shrimp, penaeid",Darnell 1958
"Crabs, blue","Shrimp, penaeid",Dittel et al. 2006
"Crabs, blue","Shrimp, penaeid",Fitz and Weigert 1991
"Crabs, blue","Snails, detritivorous",Milikin and Williams 1984
"Crabs, blue","Snails, detritivorous",Stanhope et al. 1982
"Crabs, blue","Snails, omnivorous",Darnell 1958
"Crabs, blue","Snails, omnivorous",Dittel et al. 2006
"Crabs, blue",Zooplankton,Pattillo et al. 1997
"Crabs, fiddler",Detritus,Cammen et al. 1980
"Crabs, fiddler",fiddler crab,McLain et el. 2003
"Crabs, fiddler",fiddler crab,Pratt et al. 2002
"Crabs, fiddler",Meiobenthos,Dye and Lasiak 1986
"Crabs, fiddler",Meiobenthos,Hoffman et al. 1984
"Crabs, fiddler",Meiobenthos,Reinsel 2004
"Crabs, fiddler",Micro-phytobenthos,Currin et al. 1996
"Crabs, fiddler",Micro-phytobenthos,Robertson et al 1980
"Crabs, hermit",Detritus,Rothschild 2004
"Crabs, hermit",Meiobenthos,Gerlach et al. 1976
"Crabs, hermit",Micro-phytobenthos,Gerlach et al. 1976
"Crabs, hermit",Phytoplankton,Gerlach et al. 1976
"Crabs, hermit",Zooplankton,Gerlach et al. 1976
"Crabs, hermit",Zooplankton,Whitman et al. 2001
"Crabs, marsh","Bivalve, suspension-feeding",Lin 1990
"Crabs, marsh",Detritus,Pennings et al. 1998
"Crabs, marsh",Detritus,Seiple and Salmon 1982
"Crabs, marsh","Isopods, amphipods & taenids",Buck et al. 2003
"Crabs, marsh","Plants, Distichlis spicata",Pennings et al. 1998
"Crabs, marsh","Plants, Juncus roemerianus",Pennings et al. 1998
"Crabs, marsh","Plants, other marsh plants",Pennings et al. 1998
"Crabs, marsh","Plants, Spartina alterniflora",Pennings et al. 1998
"Crabs, marsh","Plants, Spartina patens",Pennings et al. 1998
"Crabs, marsh","Snails, detritivorous",Buck et al. 2003
"Fish, benthivorous","Bivalve, suspension-feeding",Darnell 1958
"Fish, benthivorous","Bivalve, suspension-feeding",Muncy and Wingo 1983
"Fish, benthivorous","Crabs, blue",Overstreet and Heard 1978
"Fish, benthivorous","Crabs, blue",Yáñez-Arancibia and Lara-Domínguez 1988
"Fish, benthivorous","Crabs, fiddler",Overstreet and Heard 1978
"Fish, benthivorous","Crabs, fiddler",Yáñez-Arancibia and Lara-Domínguez 1988
"Fish, benthivorous","Crabs, hermit",Muncy and Wingo 1983
"Fish, benthivorous","Crabs, hermit",Overstreet and Heard 1978
"Fish, benthivorous","Crabs, hermit",Yáñez-Arancibia and Lara-Domínguez 1988
"Fish, benthivorous","Crabs, marsh",Overstreet and Heard 1978
"Fish, benthivorous","Crabs, marsh",Yáñez-Arancibia and Lara-Domínguez 1988
"Fish, benthivorous",Detritus,Darnell 1958
"Fish, benthivorous",Detritus,Lassuy 1983a
"Fish, benthivorous","Fish, benthivorous",Overstreet and Heard 1978
"Fish, benthivorous","Fish, benthivorous",Yáñez-Arancibia and Lara-Domínguez 1988
"Fish, benthivorous","Fish, zooplanktivorous",Overstreet and Heard 1978
"Fish, benthivorous","Fish, zooplanktivorous",Yáñez-Arancibia and Lara-Domínguez 1988
"Fish, benthivorous","Isopods, amphipods & taenids",Darnell 1958
"Fish, benthivorous","Isopods, amphipods & taenids",Lassuy 1983a
"Fish, benthivorous","Isopods, amphipods & taenids",Muncy and Wingo 1983
"Fish, benthivorous",Meiobenthos,Darnell 1958
"Fish, benthivorous",Meiobenthos,Muncy and Wingo 1983
"Fish, benthivorous",Polychaetes,Muncy and Wingo 1983
"Fish, benthivorous",Polychaetes,Overstreet and Heard 1978
"Fish, benthivorous","Shrimp, penaeid",Muncy and Wingo 1983
"Fish, benthivorous","Shrimp, penaeid",Overstreet and Heard 1978
"Fish, benthivorous",Zooplankton,Darnell 1958
"Fish, carnivorous","Bivalve, suspension-feeding",Best judgement
"Fish, carnivorous","Crabs, blue",Goodyear 1967
"Fish, carnivorous","Crabs, blue",Overstreet and Heard 1978
"Fish, carnivorous","Crabs, fiddler",Reagan 1985
"Fish, carnivorous","Crabs, hermit",Meyer and Franks 1996
"Fish, carnivorous","Crabs, hermit",Reagan 1985
"Fish, carnivorous","Crabs, marsh",Reagan 1985
"Fish, carnivorous","Fish, benthivorous",Lassuy 1983b
"Fish, carnivorous","Fish, benthivorous",Meyer and Franks 1996
"Fish, carnivorous","Fish, carnivorous",Reagan 1985
"Fish, carnivorous","Fish, invertivorous",Reagan 1985
"Fish, carnivorous","Fish, pelagic, omnivorous",Lassuy 1983b
"Fish, carnivorous","Fish, zooplanktivorous",Goodyear 1967
"Fish, carnivorous","Fish, zooplanktivorous",Lassuy 1983a
"Fish, carnivorous","Isopods, amphipods & taenids",Sutter et al. 1986
"Fish, carnivorous",Meiobenthos,Lassuy 1983b
"Fish, carnivorous",Polychaetes,Sutter et al. 1986
"Fish, carnivorous","Shrimp, grass",Overstreet and Heard 1978
"Fish, carnivorous","Shrimp, penaeid",Goodyear 1967
"Fish, carnivorous","Shrimp, penaeid",Reagan 1985
"Fish, invertivorous","Bivalve, suspension-feeding",Sutter et al. 1986
"Fish, invertivorous","Crabs, blue",Jennings 1985
"Fish, invertivorous","Crabs, fiddler",Able and Fahay 2010
"Fish, invertivorous","Crabs, fiddler",Sutter et al. 1986
"Fish, invertivorous","Crabs, hermit",Able and Fahay 2010
"Fish, invertivorous","Crabs, hermit",Sutter et al. 1986
"Fish, invertivorous","Crabs, marsh",Able and Fahay 2010
"Fish, invertivorous","Crabs, marsh",Sutter et al. 1986
"Fish, invertivorous","Isopods, amphipods & taenids",Able and Fahay 2010
"Fish, invertivorous",Polychaetes,Jennings 1985
"Fish, invertivorous","Shrimp, grass",Sutter et al. 1986
"Fish, invertivorous","Shrimp, penaeid",Able and Fahay 2010
"Fish, invertivorous","Shrimp, penaeid",Sutter et al. 1986
"Fish, marsh, carnivorous","Crabs, blue",Ruebsamen 1972
"Fish, marsh, carnivorous","Crabs, fiddler",Rozas and LaSalle 1990
"Fish, marsh, carnivorous","Crabs, hermit",Rozas and LaSalle 1990
"Fish, marsh, carnivorous","Crabs, hermit",Ruebsamen 1972
"Fish, marsh, carnivorous","Crabs, marsh",Ruebsamen 1972
"Fish, marsh, carnivorous","Fish, marsh, carnivorous",Ruebsamen 1972
"Fish, marsh, carnivorous","Fish, marsh, detritivorous",Ruebsamen 1972
"Fish, marsh, carnivorous","Fish, marsh, herbivorous",Ruebsamen 1972
"Fish, marsh, carnivorous","Fish, marsh, omnivorous",Ruebsamen 1972
"Fish, marsh, carnivorous","Fish, marsh, zooplanktivorous",Ruebsamen 1972
"Fish, marsh, carnivorous","Fish, pelagic, omnivorous",Rozas and LaSalle 1990
"Fish, marsh, carnivorous","Insects, aquatic",Ruebsamen 1972
"Fish, marsh, carnivorous","Insects, carnivorous",Rozas and LaSalle 1990
"Fish, marsh, carnivorous","Insects, detritivorous",Rozas and LaSalle 1990
"Fish, marsh, carnivorous","Insects, herbivorous",Rozas and LaSalle 1990
"Fish, marsh, carnivorous","Insects, omnivorous",Rozas and LaSalle 1990
"Fish, marsh, carnivorous","Isopods, amphipods & taenids",Rozas and LaSalle 1990
"Fish, marsh, carnivorous",Polychaetes,Fitzhugh and Fleeger 1985
"Fish, marsh, carnivorous","Shrimp, grass",Rozas and LaSalle 1990
"Fish, marsh, carnivorous",Spiders,Rozas and LaSalle 1990
"Fish, marsh, carnivorous",Zooplankton,Ruebsamen 1972
"Fish, marsh, detritivorous",Detritus,Darnell 1958
"Fish, marsh, detritivorous",Detritus,Ruebsamen 1972
"Fish, marsh, herbivorous",Detritus,Ruebsamen 1972
"Fish, marsh, herbivorous",Macroalgae,Ruebsamen 1972
"Fish, marsh, omnivorous",Detritus,Ruebsamen 1972
"Fish, marsh, omnivorous","Insects, carnivorous",Ruebsamen 1972
"Fish, marsh, omnivorous","Insects, detritivorous",Ruebsamen 1972
"Fish, marsh, omnivorous","Insects, herbivorous",Ruebsamen 1972
"Fish, marsh, omnivorous","Insects, omnivorous",Ruebsamen 1972
"Fish, marsh, omnivorous","Isopods, amphipods & taenids",Ruebsamen 1972
"Fish, marsh, omnivorous",Macroalgae,Hastings and Yerger 1971
"Fish, marsh, omnivorous",Macroalgae,Ruebsamen 1972
"Fish, marsh, omnivorous",Meiobenthos,Hastings and Yerger 1971
"Fish, marsh, omnivorous",Polychaetes,Ruebsamen 1972
"Fish, marsh, omnivorous",Spiders,Ruebsamen 1972
"Fish, marsh, omnivorous",Zooplankton,Hastings and Yerger 1971
"Fish, marsh, omnivorous",Zooplankton,Ruebsamen 1972
"Fish, marsh, zooplanktivorous","Insects, aquatic",Ruebsamen 1972
"Fish, marsh, zooplanktivorous","Isopods, amphipods & taenids",Darnell 1958
"Fish, marsh, zooplanktivorous","Isopods, amphipods & taenids",Ruebsamen 1972
"Fish, marsh, zooplanktivorous",Zooplankton,Ruebsamen 1972
"Fish, pelagic, omnivorous",Detritus,Darnell 1958
"Fish, pelagic, omnivorous",Phytoplankton,Darnell 1958
"Fish, pelagic, omnivorous",Zooplankton,Castillo-Rivera et al. 1996
"Fish, piscivorous","Fish, benthivorous",Bethea et al. 2006
"Fish, piscivorous","Fish, benthivorous",Goodyear 1967
"Fish, piscivorous","Fish, carnivorous",Best judgement
"Fish, piscivorous","Fish, invertivorous",Bethea et al. 2006
"Fish, piscivorous","Fish, pelagic, omnivorous",Bethea et al. 2006
"Fish, piscivorous","Fish, pelagic, omnivorous",Gilbert 1986
"Fish, piscivorous","Fish, pelagic, omnivorous",Reagan and Wingo 1985
"Fish, piscivorous","Fish, piscivorous",Best judgement
"Fish, piscivorous","Fish, zooplanktivorous",Best judgement
"Fish, zooplanktivorous","Insects, aquatic",Best judgement
"Fish, zooplanktivorous",Zooplankton,Baltz et al. 1999
"Fish, zooplanktivorous",Zooplankton,Lassuy 1983
"Insects, aquatic",Detritus,Goldfinch and Carman 2000
"Insects, aquatic",Detritus,Odum and Heald 1975
"Insects, aquatic",Micro-phytobenthos,Odum and Heald 1975
"Insects, carnivorous","Insects, carnivorous",McCall and Pennings 2012
"Insects, carnivorous","Insects, carnivorous",Wimp et al. 2010
"Insects, carnivorous","Insects, detritivorous",McCall and Pennings 2012
"Insects, carnivorous","Insects, detritivorous",Wimp et al. 2010
"Insects, carnivorous","Insects, herbivorous",McCall and Pennings 2012
"Insects, carnivorous","Insects, herbivorous",Wimp et al. 2010
"Insects, carnivorous","Insects, omnivorous",McCall and Pennings 2012
"Insects, carnivorous","Insects, omnivorous",Wimp et al. 2010
"Insects, detritivorous",Detritus,Marples 1966
"Insects, detritivorous",Detritus,Wimp et al. 2010
"Insects, herbivorous","Plants, Distichlis spicata",McCall and Pennings 2012
"Insects, herbivorous","Plants, Distichlis spicata",Wimp et al. 2010
"Insects, herbivorous","Plants, Juncus roemerianus",McCall and Pennings 2012
"Insects, herbivorous","Plants, Juncus roemerianus",Wimp et al. 2010
"Insects, herbivorous","Plants, other marsh plants",McCall and Pennings 2012
"Insects, herbivorous","Plants, other marsh plants",Wimp et al. 2010
"Insects, herbivorous","Plants, Spartina alterniflora",McCall and Pennings 2012
"Insects, herbivorous","Plants, Spartina alterniflora",Wimp et al. 2010
"Insects, herbivorous","Plants, Spartina patens",McCall and Pennings 2012
"Insects, herbivorous","Plants, Spartina patens",Wimp et al. 2010
"Insects, omnivorous",Detritus,McCall and Pennings 2012
"Insects, omnivorous","Insects, detritivorous",McCall and Pennings 2012
"Insects, omnivorous","Insects, herbivorous",McCall and Pennings 2012
"Insects, omnivorous","Insects, omnivorous",McCall and Pennings 2012
"Insects, omnivorous","Plants, Distichlis spicata",McCall and Pennings 2012
"Insects, omnivorous","Plants, Juncus roemerianus",McCall and Pennings 2012
"Insects, omnivorous","Plants, other marsh plants",McCall and Pennings 2012
"Insects, omnivorous","Plants, Spartina alterniflora",McCall and Pennings 2012
"Insects, omnivorous","Plants, Spartina patens",Best judgement (assumes eats all terr. plants)
"Insects, parasitoid wasps","Insects, carnivorous",McCall and Pennings 2012
"Insects, parasitoid wasps","Insects, detritivorous",McCall and Pennings 2012
"Insects, parasitoid wasps","Insects, herbivorous",McCall and Pennings 2012
"Insects, parasitoid wasps","Insects, omnivorous",McCall and Pennings 2012
"Insects, parasitoid wasps",Spiders,McCall and Pennings 2012
"Isopods, amphipods & taenids",Detritus,Gable and Croker 1977
"Isopods, amphipods & taenids",Detritus,Lopez et al. 1977
"Isopods, amphipods & taenids",Detritus,Odum and Heald 1975
"Isopods, amphipods & taenids",Detritus,"Ruppert, Fox, and Barnes 2004"
"Isopods, amphipods & taenids",Macroalgae,Arrontes 1990
"Isopods, amphipods & taenids",Macroalgae,Moran and Arrontes 1994
"Isopods, amphipods & taenids",Micro-phytobenthos,Gable and Croker 1977
"Isopods, amphipods & taenids",Micro-phytobenthos,Lopez et al. 1977
"Isopods, amphipods & taenids",Micro-phytobenthos,Odum and Heald 1975
"Isopods, amphipods & taenids",Micro-phytobenthos,"Ruppert, Fox, and Barnes 2004"
"Mammals, bottlenose dolphin","Fish, benthivorous",Barros and Odell 1990
"Mammals, bottlenose dolphin","Fish, benthivorous",Bowen 2011
"Mammals, bottlenose dolphin","Fish, carnivorous",Barros and Odell 1990
"Mammals, bottlenose dolphin","Fish, carnivorous",Bowen 2011
"Mammals, bottlenose dolphin","Fish, invertivorous",Barros and Odell 1990
"Mammals, bottlenose dolphin","Fish, invertivorous",Bowen 2011
"Mammals, bottlenose dolphin","Fish, pelagic, omnivorous",Barros and Odell 1990
"Mammals, bottlenose dolphin","Fish, pelagic, omnivorous",Bowen 2011
"Mammals, bottlenose dolphin","Fish, piscivorous",Barros and Odell 1990
"Mammals, bottlenose dolphin","Fish, piscivorous",Bowen 2011
"Mammals, bottlenose dolphin","Fish, zooplanktivorous",Barros and Odell 1990
"Mammals, bottlenose dolphin","Fish, zooplanktivorous",Bowen 2011
"Mammals, bottlenose dolphin","Shrimp, penaeid",Barros and Odell 1990
"Mammals, bottlenose dolphin","Shrimp, penaeid",Bowen 2011
"Mammals, carnivorous / omnivorous","Birds, clapper rail",Etheredge et al. 2015
"Mammals, carnivorous / omnivorous","Birds, other marsh birds",Etheredge et al. 2015
"Mammals, carnivorous / omnivorous","Birds, other marsh birds",Post 1981
"Mammals, carnivorous / omnivorous","Birds, sparrow",Post 1981
"Mammals, carnivorous / omnivorous","Birds, wading",Etheredge et al. 2015
"Mammals, carnivorous / omnivorous","Bivalve, suspension-feeding",Harman and Stains 1979
"Mammals, carnivorous / omnivorous","Crabs, blue",Etheredge et al. 2015
"Mammals, carnivorous / omnivorous","Crabs, blue",Harman and Stains 1979
"Mammals, carnivorous / omnivorous","Crabs, blue",Ivey 1948
"Mammals, carnivorous / omnivorous","Crabs, fiddler",Etheredge et al. 2015
"Mammals, carnivorous / omnivorous","Crabs, fiddler",Harman and Stains 1979
"Mammals, carnivorous / omnivorous","Crabs, fiddler",Ivey 1948
"Mammals, carnivorous / omnivorous","Crabs, hermit",Ivey 1948
"Mammals, carnivorous / omnivorous","Crabs, marsh",Etheredge et al. 2015
"Mammals, carnivorous / omnivorous","Crabs, marsh",Harman and Stains 1979
"Mammals, carnivorous / omnivorous","Crabs, marsh",Ivey 1948
"Mammals, carnivorous / omnivorous","Insects, carnivorous",Harman and Stains 1979
"Mammals, carnivorous / omnivorous","Insects, detritivorous",Harman and Stains 1979
"Mammals, carnivorous / omnivorous","Insects, herbivorous",Harman and Stains 1979
"Mammals, carnivorous / omnivorous","Insects, omnivorous",Harman and Stains 1979
"Mammals, carnivorous / omnivorous","Insects, parasitoid wasps",Harman and Stains 1979
"Mammals, carnivorous / omnivorous","Mammals, carnivorous / omnivorous",Etheredge et al. 2015
"Mammals, carnivorous / omnivorous","Mammals, herbivorous",Etheredge et al. 2015
"Mammals, carnivorous / omnivorous","Mammals, rat",Etheredge et al. 2015
"Mammals, carnivorous / omnivorous","Plants, other marsh plants",Harman and Stains 1979
"Mammals, carnivorous / omnivorous","Plants, Spartina alterniflora",Harman and Stains 1979
"Mammals, carnivorous / omnivorous",Reptiles,Butler et al. 2004
"Mammals, carnivorous / omnivorous","Snails, detritivorous",Ivey 1948
"Mammals, carnivorous / omnivorous","Snails, omnivorous",Ivey 1948
"Mammals, carnivorous / omnivorous",Spiders,Harman and Stains 1979
"Mammals, herbivorous","Plants, Distichlis spicata",Atwood 1950
"Mammals, herbivorous","Plants, Distichlis spicata",Willner et. al 1979
"Mammals, herbivorous","Plants, Juncus roemerianus",Atwood 1950
"Mammals, herbivorous","Plants, Juncus roemerianus",Willner et. al 1979
"Mammals, herbivorous","Plants, other marsh plants",Atwood 1950
"Mammals, herbivorous","Plants, other marsh plants",Willner et. al 1979
"Mammals, herbivorous","Plants, Spartina alterniflora",Atwood 1950
"Mammals, herbivorous","Plants, Spartina alterniflora",Willner et. al 1979
"Mammals, herbivorous","Plants, Spartina patens",Atwood 1950
"Mammals, herbivorous","Plants, Spartina patens",Willner et. al 1979
"Mammals, herbivorous",SAV,Atwood 1950
"Mammals, herbivorous",SAV,Willner et. al 1979
"Mammals, rat","Birds, sparrow",Post 1981
"Mammals, rat","Bivalve, suspension-feeding",Kruchek 2004
"Mammals, rat","Bivalve, suspension-feeding",Sharp 1967
"Mammals, rat","Crabs, blue",Hamilton 1946
"Mammals, rat","Crabs, fiddler",Hamilton 1946
"Mammals, rat","Crabs, hermit",Hamiton 1946
"Mammals, rat","Crabs, hermit",Negus et al. 1961
"Mammals, rat","Crabs, hermit",Sharp 1967
"Mammals, rat","Crabs, marsh",Hamilton 1946
"Mammals, rat","Insects, carnivorous",Kruchek 2004
"Mammals, rat","Insects, detritivorous",Kruchek 2004
"Mammals, rat","Insects, herbivorous",Kruchek 2004
"Mammals, rat","Insects, omnivorous",Kruchek 2004
"Mammals, rat","Insects, parasitoid wasps",Kruchek 2004
"Mammals, rat","Plants, Distichlis spicata",Kruchek 2004
"Mammals, rat","Plants, Juncus roemerianus",Kruchek 2004
"Mammals, rat","Plants, other marsh plants",Kruchek 2004
"Mammals, rat","Plants, Spartina alterniflora",Kruchek 2004
"Mammals, rat","Plants, Spartina patens",Kruchek 2004
"Mammals, rat","Snails, detritivorous",Hamilton 1946
"Mammals, rat","Snails, omnivorous",Hamilton 1946
"Mammals, rat",Spiders,Kruchek 2004
Meiobenthos,Detritus,Odum and Heald 1975
Meiobenthos,Micro-phytobenthos,Pinckney et al. 2003
Polychaetes,Detritus,"Ruppert, Fox, and Barnes 2004"
Polychaetes,"Isopods, amphipods & taenids","Ruppert, Fox, and Barnes 2004"
Polychaetes,Macroalgae,Fauchald and Jumars 1979
Polychaetes,Meiobenthos,"Ruppert, Fox, and Barnes 2004"
Polychaetes,Micro-phytobenthos,Jumars et al. 2015
Polychaetes,Phytoplankton,RiisgÃ¥rd 1994
Polychaetes,Polychaetes,Jumars et al. 2015
Polychaetes,Polychaetes,"Ruppert, Fox, and Barnes 2004"
Polychaetes,Zooplankton,Jumars et al. 2015
Reptiles,"Birds, clapper rail",Nifong and Silliman 2013
Reptiles,"Birds, wading",Nifong and Silliman 2013
Reptiles,"Bivalve, suspension-feeding",Tucker et al. 1995
Reptiles,"Crabs, blue",Nifong and Silliman 2013
Reptiles,"Crabs, blue",Tucker et al. 1995
Reptiles,"Crabs, fiddler",Nifong and Silliman 2013
Reptiles,"Crabs, fiddler",Tucker et al. 1995
Reptiles,"Crabs, hermit",Tucker et al. 1995
Reptiles,"Crabs, marsh",Nifong and Silliman 2013
Reptiles,"Crabs, marsh",Tucker et al. 1995
Reptiles,"Fish, invertivorous",Nifong and Silliman 2013
Reptiles,"Fish, invertivorous",Tucker et al. 1995
Reptiles,"Fish, marsh, carnivorous",Nifong and Silliman 2013
Reptiles,"Fish, marsh, carnivorous",Tucker et al. 1995
Reptiles,"Fish, marsh, detritivorous",Nifong and Silliman 2013
Reptiles,"Fish, marsh, detritivorous",Tucker et al. 1995
Reptiles,"Fish, marsh, herbivorous",Nifong and Silliman 2013
Reptiles,"Fish, marsh, herbivorous",Tucker et al. 1995
Reptiles,"Fish, marsh, omnivorous",Nifong and Silliman 2013
Reptiles,"Fish, marsh, omnivorous",Tucker et al. 1995
Reptiles,"Fish, marsh, zooplanktivorous",Nifong and Silliman 2013
Reptiles,"Fish, marsh, zooplanktivorous",Tucker et al. 1995
Reptiles,"Mammals, carnivorous / omnivorous",Nifong and Silliman 2013
Reptiles,"Mammals, herbivorous",Nifong and Silliman 2013
Reptiles,"Mammals, rat",Svihla 1931
Reptiles,Reptiles,Nifong and Silliman 2013
Reptiles,"Snails, detritivorous",Ernst and Barbour 1989
Reptiles,"Snails, detritivorous",Tucker et al. 1995
Reptiles,"Snails, omnivorous",Ernst and Barbour 1989
Reptiles,"Snails, omnivorous",Tucker et al. 1995
"Shrimp, grass",Detritus,Welsh 1975
"Shrimp, grass","Isopods, amphipods & taenids",Morgan 1980
"Shrimp, grass","Isopods, amphipods & taenids",Nelson 1979
"Shrimp, grass","Isopods, amphipods & taenids",van Dolah 1978
"Shrimp, grass",Macroalgae,Kneib 1987
"Shrimp, grass",Meiobenthos,Anderson 1985
"Shrimp, grass",Micro-phytobenthos,Fleeger et al. 1999
"Shrimp, grass",Phytoplankton,Fleeger et al. 1999
"Shrimp, grass",Polychaetes,Anderson 1985
"Shrimp, grass",Zooplankton,Anderson 1985
"Shrimp, grass",Zooplankton,Kneib 1987
"Shrimp, penaeid","Bivalve, suspension-feeding",Darnell 1958
"Shrimp, penaeid",Detritus,Minello and Zimmerman 1991
"Shrimp, penaeid",Detritus,Zein-Eldin and Renaud 1986
"Shrimp, penaeid","Insects, aquatic",Darnell 1958
"Shrimp, penaeid","Insects, aquatic",Minello and Zimmerman 1991
"Shrimp, penaeid","Insects, aquatic",Zein-Eldin and Renaud 1986
"Shrimp, penaeid","Isopods, amphipods & taenids",Fry et al. 2003
"Shrimp, penaeid","Isopods, amphipods & taenids",Gleason and Willington 1988
"Shrimp, penaeid","Isopods, amphipods & taenids",Minello and Zimmerman 1991
"Shrimp, penaeid","Isopods, amphipods & taenids",Zein-Eldin and Renaud 1986
"Shrimp, penaeid",Meiobenthos,Darnell 1958
"Shrimp, penaeid",Meiobenthos,Flint 1956
"Shrimp, penaeid",Micro-phytobenthos,Williams 1955
"Shrimp, penaeid",Phytoplankton,Cook and Murphy 1969
"Shrimp, penaeid",Phytoplankton,Flint 1956
"Shrimp, penaeid",Phytoplankton,Gleason and Willington 1988
"Shrimp, penaeid",Polychaetes,Minello and Zimmerman 1991
"Shrimp, penaeid",Polychaetes,Zein-Eldin and Renaud 1986
"Shrimp, penaeid","Snails, detritivorous",Darnell 1958
"Shrimp, penaeid","Snails, omnivorous",Darnell 1958
"Shrimp, penaeid",Zooplankton,Cook and Murphy 1969
"Snails, detritivorous",Detritus,Lee and Silliman 2006
"Snails, omnivorous",Detritus,Alexander 1979
"Snails, omnivorous",Detritus,Cammen et al. 1980
"Snails, omnivorous",Macroalgae,Alexander 1979
"Snails, omnivorous",Meiobenthos,Alexander 1979
"Snails, omnivorous",Micro-phytobenthos,Alexander 1979
"Snails, omnivorous","Plants, Distichlis spicata",Alexander 1979
"Snails, omnivorous","Plants, Juncus roemerianus",Alexander 1979
"Snails, omnivorous","Plants, other marsh plants",Alexander 1979
"Snails, omnivorous","Plants, Spartina alterniflora",Alexander 1979
"Snails, omnivorous","Plants, Spartina alterniflora",Cammen et al. 1980
"Snails, omnivorous","Plants, Spartina patens",Alexander 1979
"Snails, omnivorous","Plants, Spartina patens",Cammen et al. 1980
"Snails, omnivorous",SAV,Alexander 1979
"Snails, omnivorous",Zooplankton,Alexander 1979
Spiders,"Insects, carnivorous",Dobel and Denno 1994
Spiders,"Insects, carnivorous",Finke and Denno 2004
Spiders,"Insects, detritivorous",Dobel and Denno 1994
Spiders,"Insects, detritivorous",Finke and Denno 2004
Spiders,"Insects, herbivorous",Dobel and Denno 1994
Spiders,"Insects, herbivorous",Finke and Denno 2004
Spiders,"Insects, omnivorous",Dobel and Denno 1994
Spiders,"Insects, omnivorous",Finke and Denno 2004
Spiders,Spiders,Dobel and Denno 1994
Spiders,Spiders,Finke and Denno 2004
Zooplankton,Detritus,Kleppel 1993
Zooplankton,Phytoplankton,Kleppel 1993
Zooplankton,Zooplankton,Kleppel 1993
"Zooplankton, gelatinous","Isopods, amphipods & taenids",Breitburg and Fulford 2006
"Zooplankton, gelatinous","Isopods, amphipods & taenids",Burrell and Van Engel 1976
"Zooplankton, gelatinous",Zooplankton,Breitburg and Fulford 2006
"Zooplankton, gelatinous",Zooplankton,Burrell and Van Engel 1976
"Zooplankton, gelatinous","Zooplankton, gelatinous",Breitburg and Fulford 2006
"Zooplankton, gelatinous","Zooplankton, gelatinous",Burrell and Van Engel 1976
